file,emotion,confidence
anger_WIN_20251009_00_23_48_Pro.jpg,anger,0.9110711812973022
fear_WIN_20251009_00_24_13_Pro.jpg,sad,0.5793538689613342
joy_WIN_20251009_00_23_41_Pro.jpg,joy,0.9151487946510315
sad_WIN_20251009_00_23_53_Pro.jpg,sad,0.9964420199394226
